44内,北官厅-东直门-东四十条-朝阳门-雅宝路-建国门-东便门-崇文门-台基厂-前门-和平门-宣武门-长椿街-复兴门-儿童医院-阜成门-西直门-北京北站-新街口豁口-德胜门-六铺坑-安定门-雍和宫-北官厅
300内,草桥村-玉泉营-夏家胡同-立泽桥-西局-六里桥南里-莲花池-公主坟-阜城路-花园村-紫竹院-魏公村西口-三义庙-人民大学-大钟寺-学院路-北太平庄-马甸-中国科技馆-安贞里-和平西街-和平街北口-西坝河-静安庄-三元桥-亮马桥-农展馆-白家庄-呼家楼-大北窑-双井-劲松东口-左安东路-成寿寺-方庄-刘家窑-木樨园-西罗园-洋桥-草桥村
103,动物园-二里沟-百万庄-商场-甘家口-阜外西口-展览路-礼士路-阜成门-白塔寺-西四-府右街-北海-故宫-沙滩-美术馆-灯市口-东安市场-东长安街-台基厂-崇文门-北京站
104快,和平里北火车站-柳芳北街-展览中心-静安庄-静安里-柳芳东口-柳芳西口-柳芳北街-和平里北火车站-和平里-和平商业大厦-兴化路-蒋宅口-地坛-安定门-交道口-宽街-美术馆-灯市西口-新东安市场-东长安街-崇文门-北京站
113,大北窑-大北窑北-光华桥北-呼家楼北-白家庄-长虹桥西-三里屯-工人体育场-工人体育馆-东四十条桥东-东四十条桥西-东四十条-张自忠路-宽街路口东-北兵马司-交道口南-安定门内-地坛西门-蒋宅口-外馆斜街-安华西里-安华桥南-中国科技馆东门-安贞西里-北土城西路东口-华严北里-民族园路
332,动物园-白石桥-民族学院-魏公村-魏公村-农科院-人民大学-黄庄-中关村-海淀-北京大学-西苑
35,天桥 - 天坛西门 - 南纬路 - 福长街 - 友谊医院东 - 天桥路口东 - 金鱼池 - 天坛北门 - 红桥路口西 - 法华寺 - 北京体育馆西 - 北京体育馆 - 光明楼 - 光明桥东 - 劲松中街 - 劲松桥北 - 双井桥南 - 双井桥东 - 九龙花园 - 珠江帝景 - 大郊亭桥西 - 大郊亭桥 
420,北京站东-北京站前街-王府井-王府井路口北-新东安市场-灯市西口-美术馆东-东四路口东-朝内小街-朝阳门内-朝阳门外-神路街-东大桥路口东-关东店-呼家楼北-白家庄-农业展览馆-燕莎桥南-燕莎桥东-安家楼-朝阳公园北门-东风桥东-酒仙桥中心小学-酒仙桥-将台路口西-高家园-丽都饭店-望京医院-花家地北里-花家地北里西站-大西洋新城南门-望京西园四区-望京街西口-宏昌路-望京花园-望京科技创业园-望京北路东口"
84,地铁北土城站 - 奥体西门 - 奥体东门 - 健德门桥西 - 牡丹园西 - 塔院小区南门 - 蓟门桥南 - 明光桥南 - 文慧桥南 - 西直门南 - 阜成门北 - 北京儿童医院 - 复兴门南 - 广安门南 - 椿树馆街 - 白纸坊桥北 - 右安门西 - 开阳桥西 - 陶然亭公园南门 - 北京南站 
106,"直门外-东直门内-东内小街-北新桥-十二条-魏家胡同-钱粮胡同-东四-灯市口东口-米市大街-东单-崇文门-磁器口-红桥-天坛北门-金鱼池-天桥-北纬路-虎坊路-太平街-游泳池-北京南站"
110,"天桥-珠市口-大栅栏-前门-正义路-台基厂-崇文门-东单-米市大街-灯市口-东四-朝内小街-朝阳门-朝外大街-神路街-东大桥-朝阳医院-体育场-幸福二村-幸福三村-塔园村-新源里-左家庄"
111,"白石桥-动物园-展览馆-二里沟东口-百万庄东口-展览路-礼士路-阜成门-白塔寺-西四-府右街-北海-故宫-景山-沙滩-美术馆-灯市西口-灯市东口-米市大街-东单-崇文门"
626/88,翠林小区-右安门外大街-右安门-右安门内大街-南樱桃园-牛街南口-礼拜寺-牛街-宣武医院-槐柏树街-长椿街-新文化街-民族文化宫-西单-西单商场-甘石桥-缸瓦市-西四-报子胡同-平安里-护国寺-新街口-新街口豁口-小西天-北京师范大学-铁狮子坟-北太平庄-北太平庄西站-学院路-大钟寺-金五星三环电子市场
101,红庙-小庄-东大桥-朝阳门-东四-美术馆-沙滩-故宫-北海-西四-白塔寺-阜成门-百万庄东口-甘家口-百万庄西口-甘家口商场
112,亮果厂-沙滩-美术馆-东四-朝内小街-朝阳门-朝外大街-神路街-东大桥-关东店-呼家楼-小庄-红庙-英家坟-慈云寺-八里庄-印染厂-十里堡
114,白云路-公安大学-经委会-玉渊潭-钓鱼台-甘家口-甘家口商场-百万庄-四道口-外文印刷厂-老虎庙-花园村-紫竹院西站-紫竹院-车道沟桥东-车道沟桥西-四季青桥东-东冉村-南坞(南行)- 南坞
115,康家沟-青年路-甘露园西里-十里堡-八里庄-慈云寺-英家坟-红庙-小庄-水碓子-团结湖公园-团结湖北口-农展馆-三里屯-工人体育场-中街-十条豁口-小街-张自忠路-宽街-霞光街
118,"红庙-小庄-呼家楼-关东店-东大桥-朝阳医院-工人体育场-中街-十条豁口-小街-张自忠路-宽街-锣鼓巷-地安门-北海北门-东官房-厂桥-平安里-平安医院-官园-车公庄-三塔寺-二里沟东口-郝家湾-二里沟西口-四道口-白石桥-紫竹园""
122,"北京站-站前街-广渠门桥-左安门-芳城园-芳古园-天坛南门-永定门-北京南站-右安门-大观园-鸭子桥北里-达官营-湾子-西客站""
124,"大屯东-大屯南-炎黄艺术馆-安慧桥北-奥体东门-五路居-安贞里-安外甘水桥-蒋宅口-地坛西门-安定门内-方家胡同-小经厂-宝钞胡同-鼓楼-地安门外-地安门内-景山东街-景山东门-故宫-北海-西安门-西四丁字街""
14,角门-西马场北口-马家堡东口-洋桥-四路通-游泳池-太平街-虎坊路-虎坊桥-琉璃厂-和平门-六步口-力学胡同-灵镜胡同-府右街-西安门
21,"北京西站-铁路医院-黄亭子-军事博物馆-木樨地-经委会-三里河-三里河东口-社会路-儿童医院-月坛-阜成门-车公庄-西直门-索家坟-明光村-学院路-蓟门桥-塔院-明春园-牡丹园-建德门桥-北辰路-安贞西里-中国科技馆""
302,巴沟村-六郎庄-芙蓉里-中关村-中关村路口-海淀黄庄-人民大学-红民村-大钟寺-学院路-北太平庄-马甸-农林局-安贞里-和平西街-和平街北口-西坝河-静安庄-牛王庙-亮马桥-农展馆-朝阳公园-朝阳北路-辛庄
320区,北京西站-铁路医院-黄亭子-军事博物馆-木樨地-玉渊潭-甘家口-甘家口商场-四道口(车公庄西路)-白石桥-北京图书馆-民族大学-魏公村-农科院-人民大学-海淀黄庄-中关村-中关园-圆明园-北京大学-西苑
331,香山-卧佛寺-万安公墓-正蓝旗-丰户营-娘娘府-林科院-厢红旗-军科院-青龙桥-北宫门-颐和园-西苑-颐和园路东口-圆明园-清华西门-中关园北站-蓝旗营-清华园-五道口-语言学院-成府路东口-航空航天大学-北医三院-塔院-牡丹-北太平庄-师范大学-小西天-新街口豁口
362,城铁西二旗站-上地七街-软件园南站-东北旺-东北旺西口-东北旺苗圃-马连洼西站-农大路北口-梅园-中国农业大学西校区-肖家河-小清河-骚子营-西苑北站-西苑医院- 海淀公园-万泉河桥南-万柳中路北口-万柳中路-巴沟南路-万柳中路南口-厂洼北站-厂洼-厂洼街东口-万寿-紫竹桥北-紫竹院南门-白石桥东-动物园-西直门外-西直门
368,左安路-华威西里-华威路北口-潘家园桥北-潘家园桥-十里河桥北-方庄桥东-方庄桥西-刘家窑桥西-木樨园桥东-木樨园桥西-洋桥西-草桥-玉泉营桥西-夏家胡同-丽泽桥-西局-六里桥南-六里桥北里-公主坟-八一湖-玉渊潭西门-航天桥西-西钓鱼台-定慧寺东-定慧桥东-定慧桥南《集美家具建材城》
394,"六里桥-六里桥北里-什坊院-公主坟南站-公主坟-八一湖-阜成路-花园村-紫竹院-万寿寺-魏公村西口-三义庙-长春桥路-万柳中路南口-巴沟村南路-万柳中路北口-巴沟村-万泉河路-北京市地震局-海淀-北京大学西门-圆明园-西苑-颐和园""
,
416,来广营-望京北路-利泽中街-望京花园-广顺北大街-南湖东里-湖光中街-花家地西里-花家地北里-花家地街-丽都饭店-芳园里-肖君庙-五里沟-麦子店西街-三元庵-亮马桥-农展馆-三里屯-体育场-体育馆-中街-东直门-春秀路-幸福三村-农展馆-亮马桥-三元庵-麦子店西街-五里沟-肖君庙-芳园里-丽都饭店-花家地街-花家地北里-花家地西里-湖光中街-南湖东里-广顺北大街-望京花园-利泽中街-望京北路-来广营
423,阜成门-月坛北街-儿童医院-复兴门-西便门-槐柏树街-北线阁-南线阁-枣林前街-建功北里-南菜园-鸭子桥北里-菜户营-菜户营南站-环三环家居-玉泉营-马家楼-丰南环岛-新发地-银地小区-陈留村-西红门-高立庄-羊坊村-长丰园-明春苑
43,团结湖-白家庄-中纺街-朝阳医院-东大桥-光华路-永安里-东便门-崇文门-花市 瓷器口-法华寺-天坛东路南口-蒲黄榆-俱乐部-横七条-赵公口-贾家花园
445,南十里居-南十里居北站-酒仙桥商场-三街坊-电子城小区-驼房营-小陈各庄-将台路东站-将台路口北-陈各庄-王爷坟-大山子路口南-望京国际商业中心-阜通东大街东口-阜通东大街-望京医院-花家地北里-花家地西里-南湖南路-湖光中街-湖光中街西口-城铁望京西站
57,公主坟-公主坟南站-六里桥北里-六里桥-莲花池-湾子-达官营-广安门-牛街-菜市口-虎坊桥西-虎坊桥东-珠市口-过街楼-三里河-桥湾-水稻子-瓷器口-栏杆市-培新街-安化楼-广渠门-马圈-垂杨柳-双井-内燃机厂-大北窑南站-大北窑-朗家园-八王坟-四惠站
,
656,途经站点：东北旺中路-东北旺-软件园南站-上地七街-上地五街-上地环岛南-上地南口-北京体育大学-圆明园东门-清华附中-清华大学西门-中关园北站-蓝旗营-清华园-五道口-北京语言大学-成府路口南-学院桥东-志新桥西-健翔桥西-健翔桥东-北辰桥西-亚运村-安慧桥东-惠新东桥西-惠新东桥东-育慧里-望和桥-望和桥东-望京桥西-望京桥北-南湖西里-花家地西里-花家地北里-望京医院-阜通东大街-广顺南大街南口-万红西街-陈各庄-酒仙桥-酒仙桥中心小学-南十里居北站-南十里居"
,
BRT1,德茂庄 - 东营房 - 六营门 - 东高地 - 西洼地 - 三营门 - 和义南站 - 和义农场 - 久敬庄 - 大红门桥 - 大红门西里 - 南苑路果园 - 木樨园桥 - 沙子口 - 永定门内 - 天坛 - 前门
,
BRT2支,朝阳门 - 东大桥 - 东大桥东站 - 小庄路口东 - 呼家楼东 - 小庄路口东 - 红庙路口西 - 英家坟 - 慈云寺 - 东八里庄 - 十里堡 - 青年路南口 - 太平庄 - 民航医院 - 大黄庄桥西 - 定福庄 - 第二外国语学院 - 朝阳路三间房 - 周家井 - 管庄 - 杨闸环岛西 - 杨闸(
BRT3支,安定门 - 地坛西门 - 蒋宅口 - 安贞桥北 - 五路居 - 炎黄艺术馆 - 慧忠北里 - 华汇商厦 - 仰山桥南 - 仰山桥北 - 天乐园小区 - 立水桥南站 - 立水桥北站 - 天通西苑南 - 天通西苑北 - 天通苑太平庄 - 东三旗南站 - 地铁天通苑北站 - 东三旗 - 平西王府路口南 - 王府温馨公寓 - 宏福苑小区南 - 宏福苑小区西
637,"北京站东-北京站前街-建国门南-马圈-垂杨柳-双井桥西-双井桥南-劲松桥东-南磨房-平乐园-平乐园小区-窑洼湖桥东-朝阳区大柳树-百子湾火车站-垡头市场-垡头-垡头南站-工业技师学院-北京焦化厂-孙家坡-董村-北神树西口-北神树东口-次渠镇西口-敬园小区-次渠镇-次渠""
"
,
639,"北京站东-北京站前街-日坛路-永安里路口北-北京制药厂-光华桥西-光华中路-光华路东口-红庙路口东-慈云寺-东八里庄-十里堡西站-甘露园小区-青年路南口-太平庄-民航医院-朝阳路高井-大黄庄桥东-定福庄-第二外国语学院-朝阳路三间房-周家井-管庄路口北-科技大学管庄校区-常营-常营路口东-五里桥-高安屯-马各庄东-马各庄坤江市场-楼梓庄马家沟-楼梓庄南站-楼梓庄路口南-楼梓庄乡政府-曹各庄-海洼子-皮村-朝阳农场-黎各庄""
"
,
646,"前门 - 北京供电局 - 和平门东 - 校场口 - 菜市口北 - 南横街 - 自新路口北 - 开阳桥北 - 开阳桥南 - 万芳桥北 - 万芳桥南 - 嘉园二里东门 - 四顷三村 - 公益西桥北 - 恋日家园 - 世界花卉大观园 - 新发地桥北 - 陈留村南口 - 高立庄 - 羊坊村 - 狼垡 - 芦永路口 - 立垡村 - 马厂村 - 西营村 - 军留庄 - 篱笆房 - 长阳路口 - 送变电公司 - 良乡火车站 - 良乡陶瓷厂 - 良乡东关 - 良乡南关 - 良乡西门 - 良乡西路 - 良乡闫村桥
"
,
662,云岗101所-东王佐北-云岗砖厂-云岗-云岗北区-佃起村-张家坟-朱家坟-赵辛店-北京十中-长辛店医院-长辛店南口-长辛店北口-杜家坎-卢沟新桥-抗战雕塑园-西道口-岳各庄桥东-六里桥北里-北京西站-小马厂-天宁寺桥西-西便门-复兴门南-长椿街路口西 
,
72路,北京西站南广场 - 太平桥东里 - 华源三里 - 东局 - 北京西站南路南口 - 菜户营桥西 - 霸王广场 - 右安门西 - 开阳桥西 - 陶然亭公园南门 - 北京南站南广场
,
T7,世界公园 - 田何庄 - 六圈 - 科丰桥南 - 科丰桥北 - 韩庄子南 - 南山路西 - 看丹桥北 - 正阳桥北 - 北大地 - 岔路口 - 七里庄 - 丰台北路 - 西局 - 六里桥南 - 六里桥东 - 莲花池 - 湾子 - 达官营 - 长椿街路口东 - 宣武门东 - 和平门东 - 前门 
11,大北窑东-八王坟南-北京东站北-九龙山-珠江帝景-大郊亭桥西-大郊亭桥东-东石门-唐家村-小海子-四根旗杆-方家村-朝阳半壁店
30,祁家坟-潘道庙-北京工业大学-北京工业大学北站-平乐园北-珠江帝景-九龙山-北京东站北-八王坟北-光华路东口-红庙路口北-金台路口南-甜水园西里
,
34,祁家坟-潘道庙-北京工业大学-松榆东里南门-京体游泳馆-武圣路南口-武圣路-潘家园桥东-潘家园桥西-华威西里-潘家园路西口-劲松南路西口-光明楼-北京体育馆-北京体育馆西-法华寺-天坛北门-天桥路口东-友谊医院-虎坊桥路口南-虎坊桥
63,丽泽桥-丽泽桥南-丰益桥东-鹅凤营西-鹅凤营-万泉寺-菜户营桥西-菜户营桥东-大观园-右安门西-右安门东-开阳桥西-北京南站
303,西闸-白水洼北站-白水洼-上庄东小营-上庄卫生院-上庄南口-上庄水库-水库南口-上庄乡-永丰屯-仁达中学-屯佃-亮甲店西站-亮甲店-西北旺-黑山扈（三零九医院）-颐和园北宫门
304,巴沟村-海淀南路西口-海淀南路-海淀黄庄东-知春里-知春里东站-知春路-学知桥南-蓟门桥北-蓟门桥南-明光桥北-明光桥东-北京师范大学南门-铁狮子坟-北太平桥北-牡丹园
309, 广外甘石桥-广安门北-广安门北-达官营-湾子-六里桥东-小井桥东-丰台路口东-丰台路口西-大井-五里店东站-五里店-五里店西站-西道口-抗战雕塑园-卢沟新桥-杜家坎-崔村-二七厂
311,"工人疗养院-西下庄-杏石口-八大处中学-雍王府-绍家坡-福寿岭-模式口东里-金顶北路-金顶街北口-金顶街三区-地铁苹果园站-苹果园西"
316,"昌平东关-中国政法大学(昌平) -东环北路-昌平北站-西环北路-昌平西关-明皇蜡像宫-涧头-大宫门-南新村-昌平胡庄 -七孔桥-定陵道口-定陵-长陵"
325,衙门口-京原路口西-京燕饭店-八角西街-八角南路-古城公园-古城东街-八角北路西口-古城北路西口-杨庄路西口-苹果园南-地铁苹果园站-金顶南路-金安桥西-铸造村-首钢小西门-广宁村-石景山火车站-麻峪-电厂路-高井路口南
326,超前路 - 火炬街 - 润杰经典小区 - 昌平中医院 - 新新公寓东门 - 昌平一中 - 中国政法大学北门 - 松园小区西门 - 亢山广场 - 昌平东关 - 前锋学校 - 朝凤庵村
327,"槐树岭公交总站-南营-八一射击场-芦井-漫水桥-燕山水泥厂-河堤-石景山水屯-三号桥-衙门口村-衙门口西-京原路口西-八角-石景山古城-老古城"
329,"晓月苑小区-晓月苑一里-抗战雕塑园-卢沟新桥-杜家坎-长辛店北口-长辛店南口-北京十中-赵辛店-朱家坟-二老庄-张家坟北-董家坟-马家坟-辛庄路口-吕村-杨家坟东口-太子峪陵园-李家峪"
330,后沙涧-前沙涧-稻香湖-西小营-高里掌-温泉辛庄北站-温泉辛庄-温泉-温泉苗圃-白家疃西口-白家疃东口-杨家庄-温泉路东口-太舟坞-屯佃大桥-亮甲店西站-亮甲店-回民公墓 -西北旺-百望山森林公园-黑山扈（三零九医院）-国防大学-红山口-安河桥-颐和园北宫门-颐和园
338,玉泉路口南-石槽-小瓦窑-曹家坟-梅市口-梅市口南站-小屯东口-双林南路-双楼村-大井-丰台路口西-丰台体育中心
339,六里桥东-小井桥东-岳各庄桥北-丰台路口西-大井-五里店东站-五里店-西道口-抗战雕塑园-卢沟新桥-杜家坎-长辛店北口-长辛店南口-长辛店医院-北京十中-赵辛店-朱家坟-张家坟-佃起村-云岗-南宫商业街-东王佐-王佐
,
341,旧宫-庑殿路南口-吉庆庄-清和园-万源路-六营门-东营房-南小街-德茂庄-中兴庄-瀛海庄-三槐堂-杜庆堂-北普陀影视城-南宫村-南大红门-曹村-垡上-青云店敬老院-青云市场-花园新村-五村-青云店镇 
348,大北窑-内燃机厂-双井-造纸厂-化工路西口-平乐园-平乐园路-楼梓庄-大柳树-百子湾火车站-垡头市场-垡头-玻璃二厂-染料总厂-焦化厂 
353,万源路-东高地-三营门东-新华路南口-红房子路口西-五爱屯-南苑西路-新宫村-新发地桥西-银地家园-花乡桥东-四合庄-新村-造甲村-韩庄子北-看丹桥-富丰桥西 
357,昌平东关 - 中国政法大学 - 昌平南大街 - 昌平西关 - 明皇蜡像宫 - 邓庄 - 旧县 - 陈庄 - 红泥沟 - 昌平南口东街 - 昌平南口东站 - 昌平南口 - 昌平南口西站 - 南口马坊 - 南口李庄 - 白房子 - 曹家庄 - 北流村 - 西峰山 - 王峪沟 - 瓦窑 - 高崖口乡 - 高崖口
363,四惠站-陈家林-四惠东站-高碑店桥南-高碑店-高碑店南站-朝阳半壁店-观音堂-王四营-王四营桥东-五方桥西-白鹿司-豆各庄桥-青青家园
364,小庄路口东-红庙路口东-十里堡-太平庄-定福庄-朝阳路三间房-管庄路口北-科技大学管庄校区-常营-东小井-焦庄-三岔河南站-三岔河-马厂-北马房-长店路口东-金盏
370,公主坟西-翠微路口-万寿路口西-东翠路口-沙沟路口东-五棵松桥东-永定路口东-玉泉路口东-航天部医院-玉海园-田村山南路-干休所-梁公庵-沙石路口北-什坊院-廖公庄东站-廖公庄-西黄村小区-苹果园南路东口-苹果园中学-苹果园东-地铁苹果园站-金顶南路-金安桥西-铸造村-首钢小西门-广宁村-石景山火车站-麻峪-麻峪北口-侯庄子-双峪环岛西-新桥大街-河滩-小黑山-龙门-增产路-东辛房-西辛房-门头沟圈门
372,通州北苑路口南-通州北苑路口东-通州西门路口东-西大街路口西-潞河医院-果园环岛东-九棵树-杨家洼-云景东路-云景里-群芳园-大马庄-大马庄南站-通州古玩城
377,北京南站-开阳桥西-右安门东-右安门-右安门外-翠林小区-嘉园二里西门-嘉园三里北-嘉园三里-城南嘉园-恋日家园-世界花卉大观园-新发地桥北-九龙山庄-西红门北站-西红门南站-郁花园-郁花园二里-欣和街-宏康路-西红门西站
385,大灰厂西站-大灰厂-丰台区李家坟-大灰厂村-北宫森林公园-丰台区辛庄-辛庄东站-南营-八一射击场-芦井-漫水桥-燕山水泥厂-河堤-石景山水屯-衙门口村-衙门口西-京原路口东-石景山古城-老古城
389,八大处-八大处中学-杏石口-西下庄-西黄村小区-苹果园南路东口-黄南苑小区-杨庄路东口-八角西街北口-石景山科技馆-八角西街-京燕饭店-京原路口东-京原东站-老山-地铁八宝山站-八宝山-玉泉路口西
393,育新小区-育新小区北口-邮政研究院-西三旗桥东-西三旗桥西-安宁里-安宁里南站-安宁庄东路南口-清河大楼-上地环岛东-上地环岛南-上地南口-树村东口-树村-厢黄旗-农大南路西口-肖家河-小清河-骚子营-坡上村-颐和园北宫门
411,红庙路口东-英家坟-慈云寺-东八里庄-十里堡-甘露园小区-青年路南口-民航医院-朝阳路高井-大黄庄桥东-定福庄-第二外国语学院-朝阳路三间房-城铁双桥站-双桥南-东柳-咸宁候-何家坟-豆各庄乡水电站-白鹿司-豆各庄乡-黄厂-孙家坡-马家湾-豆各庄乡政府
417,慧忠里-北辰东路-慧忠路西口-炎黄艺术馆-大屯南-北苑路大屯北站-辛店村-北苑-大羊坊-立水桥-立水桥北站-城铁立水桥站-东小口-天通苑西门-丽水园-天通苑太平庄-天通北苑一区南-天通北苑二区南-天通北苑三区南-白坊-歇甲村-路新沥青厂-南七家-燕丹村-燕丹乡政府-燕丹
424,单店-康静里-朝阳医院分院-李家坟-青年路北口-将台洼-东风南路-南十里居
426,地坛西门-蒋宅口-安外甘水桥-安贞桥北-五路居-奥体东门-安慧桥北-炎黄艺术馆-大屯南-北苑路大屯北站-辛店村-北苑-大羊坊-立水桥-立水桥北站-城铁立水桥站-东小口-天通苑西门-天通苑太平庄-东三旗南站-东三旗-平西府-望都家园-北七家工业园区-北七家-东二旗村-沟岭新村-小河湾-鲁疃
429,吉晟别墅-城铁回龙观站-龙腾苑三区东门-云趣园-回龙观小区-风雅园北-广场西门-龙华园-龙华园南区-城铁龙泽苑站
435,梨园-通州小街桥东-梨园东里小区-通州三间房-梨园北街-玉桥东路-玉桥北里-乔庄北街-玉桥中路-玉桥中路北口-西上园小区-通州东关-新华大街-西大街路口西-通州西门路口东-通州北苑路口南
439,十里河桥东-十里河居然之家-周家庄-小武基路西口-小武基桥西-小武基桥东-邱家庄-厚俸村-小武基路东口-朝阳区大柳树-百子湾火车站
441,城铁龙泽苑站-龙华园南区-回龙观小区-龙禧苑五区西门-回龙观西大街-回龙观东大街东口-华龙苑北里北门-天鑫家园
443,城铁龙泽苑站-龙华园南区-龙华园-广场西门-风雅园北-回龙观小区-云趣园-龙禧苑五区西门-回龙观西大街-体育公园北门-霍营小区西区-矩阵小区-和谐家园-回龙观东大街东口-华龙苑北里北门-天鑫家园
446,城铁望京西站-湖光中街西口-南湖东园-河荫西路西口-望京花园西区-利泽中街西口-利泽中二路-广泽路-望京北路东口
447,城铁上地站-上地南路-上地环岛南-上地五街-上地七街-软件园东站-软件园广场-东北旺北-唐家岭北站-唐家岭-邓庄子-航天城-航天城北站
,
449,城铁上地站-上地南路-上地环岛南-上地五街-上地七街-软件园东站-软件园广场-东北旺北-唐家岭北站-唐家岭-邓庄子-航天城-航天城北站
,
453,开发区交通服务中心-荣昌西街-青年公寓-中芯花园-鹿海苑小区-宝善路口-姜场村-玉璟园-瀛海路口-中兴庄-徳茂庄
,
458,北京南站 - 北京南站(西行) - 开阳桥西 - 右安门东 - 右安门桥 - 菜户营桥西 - 中国戏曲学院 - 三路居 - 丽泽桥东 - 丽泽桥 - 丰台北路东 - 丰台北路 - 七里庄 - 丰北桥东 - 丰台体育中心南门 - 大井 - 五里店东站 - 五里店 - 五里店西站 - 西道口 - 抗战雕塑园 - 杜家坎 - 崔村 - 二七厂 - 崔村西 - 留霞峪 - 太子峪环岛 - 杨家坟东口 - 吕村 - 吕村南站 - 辛庄路口 - 镇岗塔路 - 云岗北区 - 云岗 - 南宫市场 - 南宫 - 王佐镇政府 - 世界地热博览园 - 庄户路口 - 云岗南宫
470,城铁望京西站-湖光中街西口-南湖东园-侯庄路口北-望京花园西区-望京花园西区北门-望京花园东区北门-望京花园东区-望京东园-望京西园三区北门-望京街西口-望京西园四区-广顺南大街北口-望花路-花家地北里-花家地南里-阜通东大街南口-望京桥东-望京桥西-城铁望京西站
480,丽泽桥-丰台北路东-丰台北路-七里庄-岔路口-北大地-正阳桥北-看丹桥-富丰桥南-科丰桥南-六圈-田何庄-世界公园-葆台路-小葆台村-芦花路-公交驾校-长丰园一区-长丰园二区-东方时尚驾校-长丰园南站"
483,西红门西站 - 宏康路 - 欣和街 - 宏福路 - 陈留村南口 - 陈留村 - 天伦锦城 - 银地家园东 - 新发地桥西 - 新发地桥北 - 马家楼桥北 - 玉泉营桥南 - 玉泉营桥西 - 夏家胡同 - 丰益桥北 - 丽泽桥北 - 西局 - 六里桥南 - 六里桥北 - 莲花桥 - 公主坟南 - 公主坟
,
491,朝凤庵村 - 前锋学校 - 昌平东关路口南 - 宁馨苑小区南门 - 昌盛园二区东门 - 世涛天朗小区南门 - 昌盛路 - 富泉花园南门 - 白浮泉路 - 拓然家园 - 昌平永安路南口 - 昌平永安路 - 昌平永安里小区 - 昌平中心公园 - 昌平南大街 - 中国政法大学(昌平) - 昌平东关 - 前锋学校 - 朝凤庵村
492,朝凤庵村 - 前锋学校 - 昌平东关 - 中国政法大学(昌平) - 昌平南大街 - 昌平中心公园 - 昌平永安里小区 - 昌平永安路 - 昌平永安路南口 - 拓然家园 - 白浮泉路 - 富泉花园南门 - 昌盛路 - 世涛天朗小区南门 - 昌盛园二区东门 - 宁馨苑小区南门 - 昌平东关路口北 - 前锋学校 - 朝凤庵村
501,南苑机场 - 南苑机场家属区 - 南苑机场候机楼 - 南苑机场修理厂 - 大营门 - 三营门 - 和义南站 - 和义农场 - 久敬庄 - 大红门桥 - 公益东桥 - 公益东桥北 - 西马厂 - 西马厂北口 - 角门北路东口 - 角门北路 - 马家堡小区 - 嘉园二里东门 - 嘉园二里南门 - 北甲地 - 欣园小区东 - 欣园小区北 - 草桥
510,牡丹园西 - 牡丹园东 - 健德门桥西 - 健德门桥东 - 华严北里 - 北辰西桥南 - 北辰西桥北 - 新闻中心 - 南沟泥河 - 奥运村西 - 林萃路 - 澳林春天小区 - 倚林佳园东门 - 京师园北门 - 双泉堡东
512,上庄卫生院-上庄南口-上庄水库-水库南口-上庄乡-仁达中学-永丰屯-屯佃-亮甲店西站-亮甲店-颐和山庄南-西北旺-农大路北口-梅园-中国农业大学西校区-肖家河-小清河-骚子营-西苑北站-西苑
,
513,大郊亭桥 - 大郊亭桥西 - 珠江帝景 - 平乐园北 - 北京工业大学北站 - 北京工业大学 - 松榆东里东门 - 南新园 - 弘燕路小区 - 弘燕路 - 周庄嘉园 - 十里河居然之家 - 十里河桥北 - 华威桥南 - 十里河桥东 - 十里河村 - 四道口桥北 - 四道口桥南 - 吕营嘉园(
516,马桥 - 燕莎桥南 - 燕莎桥东 - 莱太花卉 - 五里沟 - 肖君庙 - 芳园南里西区 - 芳园南里 - 将台路(口东) - 将台路东站 - 酒仙桥东路南口 - 酒仙桥东路北口 - 孙家村 - 环行铁道(
521,城铁上地站 - 上地东街中路 - 上地六街东口 - 城铁西二旗站 - 唐家岭东 - 唐家岭北路东口 - 京包路 - 京包路北口 - 生命科学园
524,地铁宋家庄站(丰台曹家沟) - 双庙 - 双庙东站 - 红寺村 - 肖村桥西 - 姚村 - 小红门路口北 - 珊瑚桥南 - 宣颐家园 - 碧海公园 - 科技路 - 庑殿路南口 - 旧宫 - 育龙家园 - 灵秀山庄 - 灵秀山庄东站
529,翠海明苑 - 翠海明苑西 - 新发地桥北 - 马家楼桥北 - 玉泉营桥南 - 玉泉营桥东 - 草桥 - 北京戏曲艺术职业学院 - 洋桥西 - 万芳桥东 - 北京南站南广场(
530,玉泉路口南 - 玉泉路口北 - 正大路西口 - 航天部医院 - 玉海园 - 黄家坟 - 阜玉路口北 - 畅茜园小区 - 田村中街 - 田村西口 - 什坊院 - 廖公庄
531,吴庄 - 吴家村路西口 - 吴家村 - 吴家村路东口 - 大成路西口 - 大成里 - 青塔西路北站 - 青塔西路 - 梅市口路 - 梅市口路东口 - 岳各庄桥北 - 丰台路口东 - 小井 - 小井润园 - 望园东里 - 丰北桥东 - 七里庄 - 丰台北路 - 丰台北路东 - 丽泽桥西 - 丽泽桥
536,望京北路东口 - 望京花园东区 - 望京东园 - 望京西园三区东门 - 融科橄榄城 - 国风北京 - 阜通东大街东口 - 阜通东大街 - 望京医院 - 花家地南里 - 阜通东大街南口 - 太阳星城 - 曙光里小区 - 裘马都小区 - 地铁三元桥站 - 三元桥 - 燕莎桥北 - 燕莎桥西 - 新源南路西口 - 左家庄
544,鲁谷公交场站 - 鲁谷 - 地铁八宝山站 - 老山 - 银河大街 - 永乐西小区 - 焦家坟路口西 - 焦家坟路口南 - 莲芳桥南 - 吴庄 - 吴庄南 - 张仪村北站 - 张仪村 - 张仪村南站 - 小郭庄 - 大瓦窑 - 西道口北站 - 西道口东 - 五里店西站 - 五里店 - 五里店东站 - 程庄路北口 - 程庄路 - 程庄路南口 - 程庄路口东 - 丰台医院 - 看丹桥北 - 看丹桥 - 富丰桥西
546,三营门南 - 新华路南口 - 红房子路口南 - 西营房 - 槐房西路南口 - 槐房西路 - 槐房西路北口 - 公益桥 - 公益东桥西 - 公益桥北 - 枫竹苑小区 - 地铁公益西桥站 - 城南嘉园 
547,望京北路东口 - 北小河西南行 - 北小河 - 北小河西北行 - 望京北路东口北行 - 广泽路 - 利泽中一路 - 利泽西园小区 - 望京西路北口 - 望湖公园 - 世安家园小区 - 南湖西园小区 - 城铁望京西站 - 城铁芍药居站 - 和平东桥 - 和平西桥
556,三营门南 - 新华路南口 - 红房子路口南 - 西营房 - 槐房西路南口 - 槐房西路 - 槐房西路北口 - 公益桥 - 公益东桥西 - 公益桥北 - 枫竹苑小区 - 地铁公益西桥站 - 城南嘉园 
620,广安门北（北行）-广安门北（南行） -关厢-达官营-广外甘石桥-湾子-莲花池-六里桥东-六里桥北-公主坟南-公主坟西-翠微路口-万寿路口西-东翠路口-沙沟路口东-五棵松桥东-永定路口东-玉泉路口东-八宝山-地铁八宝山站-鲁谷西站-焦家坟路口东-焦家坟路口南-吴庄-吴庄南-张仪村北站-张仪村-张仪村总站
,
622,八大处-八大处中学-杏石口-西下庄-西黄村小区-苹果园南路东口-黄南苑小区-杨庄路东口-八角西街北口-石景山科技馆-八角西街-京燕饭店-京原路口东-京原东站-银河大街-永乐西小区-焦家坟路口南-吴庄北-吴庄-吴庄南站-张仪村北站-张仪村-张仪村南站-大瓦窑北站-大瓦窑西口-大瓦窑-大瓦窑南站-西道口北站-西道口
624,槐树岭公交总站-槐树岭南站-张郭庄-张郭庄小区北-张郭庄小区-张郭庄小区东-装甲兵干休所-杜家坎-卢沟新桥-抗战雕塑园-西道口-岳各庄桥北-岳各庄-郑常庄-青塔-南沙窝桥-沙窝桥北-五棵松桥东-沙沟路口东-东翠路口-万寿路口西-翠微路口-公主坟西-公主坟北-八一湖-航天桥南
632,五路-善家坟-彰化村-正福寺-车道沟桥东-北洼路-白石桥东-动物园-西直门外-西直门-车公庄北-明光桥北-蓟门桥-北京航空航天大学-成府路口南-学院路北口-静淑苑-学知园-马家沟-清河-清河小营桥南-清河小营桥西
642,安宁庄东路南口-清河大楼-上地环岛东-上地五街-上地七街-软件园东站-软件园广场-东北旺北-唐家岭-唐家岭北站-邓庄子-航天城-航天城北站-永丰乡辛店-永丰产业基地-永丰六里屯北口-永丰屯-永丰屯西口-屯佃村-三星庄南口-高里掌东站-高里掌-西小营-稻香湖-前沙涧-后沙涧-沙阳路口-西贯市-白虎涧-阳坊-阳坊北站
643,九龙游乐园-十三陵水库-军都度假村-昌平东关环岛北-昌平水泥管厂-景文屯村-张各庄-大洼村-东沙屯西站-东沙屯-百善-航空博物馆-汤山假日-小汤山医院-大柳树环岛西-小汤山马坊-北京太阳城-种禽公司-平坊-平西府-东三旗-天通苑太平庄-天通苑东三区-东小口-城铁立水桥站-立水桥北站-大羊坊-北苑-慧忠北里-炎黄艺术馆-安慧桥北-安贞桥北-安定门
647,大北窑东-八王坟东-通州北苑路口东-通州西门路口东-西大街路口东-中仓-通州车站路口北-通州车站路口东-通州南关-通州国税局北-玉桥南里-梨园东里-通州三间房西-杨家洼路口北-云景东路-云景里-群芳园-大马庄
649,双龙小区-北京工业大学南门-松榆东里东门-北京工业大学-北京工业大学北站-平乐园北-珠江帝景-九龙山-八王坟东-四惠站-陈家林-四惠东站-高碑店桥东-梆子井-茶家坟-双桥西-杨闸中学-杨闸路口西-重兴寺-八里桥-通州北苑路口东-通州西门路口东-西大街路口西-岳庄-皇木厂-焦王庄-龙旺庄-小潞邑-小潞邑北站-上潞园小区-疃里新村-疃里一区-疃里二区-疃里三区 
650,小红庙-红莲中里东-广外甘石桥-达官营-手帕口桥北-天宁寺西里-白云桥南-白云观-白云路-三里河东路南口-国家工商总局-月坛北街北站-展览路-阜成门外-阜成门-车公庄南-车公庄北-索家坟-文慧桥北-明光桥北-蓟门桥-蓟门桥西-城铁大钟寺站-金五星百货城 
652,开发区交通服务中心 - 宏达中路 - 宏达北路南口 - 经开创业园 - 宏达工业园 - 万源街西口 - 博达国际交流中心 - 天华北路西口 - 天华西路北口 - 新康家园 - 亦庄镇政府 - 亦庄桥南 - 刘家窑桥西 - 木樨园桥 - 北京南站南广场
661,太子峪陵园-庄子-白草洼西-白草洼-白草洼东-太子峪环岛北-太子峪环岛-留霞峪-崔村西-二七厂-崔村-杜家坎-卢沟新桥-抗战雕塑园-西道口-岳各庄桥东-六里桥北里-北京西站-小马厂-天宁寺桥西-西便门-复兴门南-长椿街路口西 
664,城铁上地站-上地环岛东-上地环岛南-上地南口-北京体育大学-圆明园东门-清华附中-圆明园东路-圆明园南门-颐和园路东口-西苑医院-万泉河桥南-万柳中路北口-巴沟南路-万柳中路南口-远大路东口-远大路西口-南坞-东冉村-四季青桥北-四季青桥西-佟家坟-海淀区残联-南平庄-西黄村小区-苹果园南路东口-苹果园中学-苹果园东-地铁苹果园站
,
809、77,晓月苑小区 - 晓月苑医院 - 晓月苑游泳馆 - 晓月苑一里 - 抗战雕塑园 - 西道口 - 西道口东 - 南五里店 - 程庄路口东 - 丰台医院 - 正阳桥北 - 北大地 - 北大街 - 东大街北口 - 万丰路南口 - 于庄子 - 小井路口南 - 白塔村 - 莲宝路口南 - 莲宝路口北 - 金家村桥北 - 万寿路口东 - 翠微路口 - 公主坟西 - 八一湖 - 航天桥南 - 航天桥北 - 花园桥北 - 紫竹桥南 - 紫竹院南门 - 中新小区 - 外文印刷厂西门
553,石各庄-平房东口-黄杉木店路北口-黄杉木店路南口-四季星河南街-青年路小区-天鹅湾小区-康家沟-四惠东站-四惠站
560,史各庄村-史各庄村南-地铁生命科技园站-朱辛庄新区-朱辛庄新区东-七里渠南村-回龙观城北市场-回龙观小区-云趣园-龙禧苑五区西门-回龙观西大街-龙腾苑三区西门-育知路南口-城铁回龙观站(东行)-龙腾苑四区-龙腾苑五区-龙腾苑区南门-城铁回龙观站(南行)-新龙城东站 
,
567,大西洋新城南门站-大西洋新城东门站-湖光北街东口站-南湖东园站-南湖南路北口站-南湖南路站-南湖西里站-望京桥北站-太阳宫公园站-夏家园站-地铁芍药居站-对外经贸大学东门站-中国现代文学馆站-对外经贸大学站-惠新里站-惠新西街北口站
568,田村东路南口站-畅茜园小区站-田村站-双槐树路北口站-双槐树路南口站-玉海园东门站-玉海园南口站-铁家坟西站-金沟河路站-金沟河路东口站-金沟河站-金沟河桥南站-五棵松桥北站-沙窝桥北站-沙窝桥东站-西翠路口西站-西翠路口东站-太平路东口站-金家村桥北站-莲宝路口北站-莲宝路口东站-莲宝中路站-莲宝中路南口站-六里桥西站-莲怡园东路南口站-莲怡园东路站-马官营南站
专27,丽泽桥站 -北京西站南路南口 -东局站 -华源三里站 -太平桥东里站 -马连道南街西口站 -马连道胡同站 -马连道中里站 -红莲中里站 -红居北街站 -红居街站 -达官营站  
专30,天桥站 -天坛西门站 -南纬路站 -南纬路西口站 -虎坊路站 -四平园站 -南横西街东口站 -教子胡同南口站 -牛街西里站 -白广路站 -菜园街站 -建功北里站 -南菜园站 -白纸坊桥南站 -鸭子桥路站  
557,城铁回龙观站 -育知路南口站 -龙腾街站 -龙腾苑二区南门站 -龙腾苑二区东门站 -龙腾苑一区路口北站 -龙禧苑二区站 -流星花园站 -流星花园三区西门站 -育荣教育园区站 -七里渠南村东站 -七里渠北村站 -七里渠站 -七里渠西桥站 -小沙河村南站 -小沙河村站 -小沙河村东站 -沙河基地站 -小沙河村公交场站 
564,鲁谷公交场站 -十院站 -鲁谷路东口站 -玉泉路口南站 -玉泉路口北站 -正大路西口站 -航天部医院站 -玉海园站 -田村山南路站 -总参通讯干休所站 -梁公庵站 -沙石路口南站 -沙石路口西站 -巨山路南口站 -锦绣大地站 -碧桐园小区站 -绿谷雅园小区站
566,草房西路南口站 -东十里堡村站 -五里桥一街站 -阳光美园北门站 -北辰福第小区站 -万象新天三区站 -万象新天一区站 -常营站 -常营路口南站 -科技大学管庄校区站 -管庄路口北站 -杨闸环岛西站 -杨闸站
570,城铁西二旗站 - 软件园广场 - 东北旺北 - 后厂村路 - 后厂村路西口 - 秋露园 - 中海枫涟山庄北门 - 赵庄村 - 圆清路北口 - 皇后店西 - 丰贤中路 - 永丰站 
临2,新龙城东站-龙乡小区站-龙乡小区东门站-东村家园南门站-北新科技园站-育新小区北口站-邮政研究院站-沁春家园站-林涧阳光小区站-悦秀路站-西三旗生态园南门站-莱圳家园小区站-莱圳家园小区东站-地铁西小口站
临3,郭公庄站-益辰欣园小区站-花乡桥南站-花乡桥西站-怡海花园南门站-地铁丰台科技园站-六圈站-田何庄站-地铁郭公庄站
专4,三环英和医院站-小区二号站-小区三号站-小区四号站-育芳园北路东口站-夏家胡同站-纪家庙站-樊家村北站-小区四号站-小区三号站-小区二号站-三环英和医院站
专20,城铁北苑站 -悦溪小区西门站 -悦溪小区南门站 -清河营公交场站 -北苑家园站 -时代庄园站 -朝来家园站 -朝来家园东区站 -赢秋苑站 -赢秋苑西门站 -朝来家园西门站 -蕴实园站 -北苑家园站 -城铁北苑站 
专21,龙锦苑公交场站 -霍营乡水务局站 -小辛庄站 -龙锦苑东五区南门站 -龙锦苑东二区南门站 -上坡佳园西门站 -霍营乡站 -北郊医院站 -城铁霍营站 
专22,望和桥站 -芍药居东站 -城铁芍药居站 -育惠南路南口站 -对外经贸大学东门站 -中国现代文学馆站 -育惠南路站 -望和桥西站 -望和桥站 
专23,欣旺大街站 -兴都苑小区站 -宏盛家园站 -兴海家园站 -兴海学校站 -兴海公园站 -宏福路站 -地铁西红门站 -欣和街站 -宏康路站 -西红门西站 
专24,福苑小区站 -广茂大街站 -福苑东区站 -福苑北区站 -泰中花园站 -高米店站 -地铁高米店南站 -金星西路站 -康和园小区站 -康盛园小区站 -金星西路西口站 -翡翠城小区站 
专25,-灵秀山庄东站-灵秀山庄站-育龙家园站-旧宫东口站-地铁旧宫东站
专28,城铁上地站 -上地环岛东站 -上地环岛西站 -上地四街西口站 -上地七街西口站 -上地七街环岛西站 -上地七街环岛东站 -上地六街东口站 -上地东街中路站 -城铁上地站
专31,城铁龙泽苑站 -龙华园南区站 -龙华园站 -广场西门站 -天露园东站 -天露园小区站 -百嘉城小区东门站 
专37,顾家庄桥西站 -北苑村站 -北苑村北站 -赢秋苑站 -北卫新园站 -红军营南路西口站 -地铁北苑路北站 
专38,永丰站-永澄北路南口站-永丰屯(北清路)站-永丰屯西口站-屯佃村站-三星庄南口站-三星庄站-苏一二村站-稻香湖景站
专42,城铁霍营站-北郊医院站-霍营乡站-地铁回龙观东大街站-和谐家园一区东门站-和谐家园一区北门站-龙锦苑一区站-和谐家园一区西门站-和谐家园二区西门站-科星西路站-龙跃苑东二区东门站-龙跃苑东四区东门站-城铁霍营西站-城铁霍营站
,
专43,宝盛里小区站-宝盛西里站-永泰庄东里站-地铁永泰庄站-永泰路站-永泰庄西路站-永泰中路南口站-永泰小区站-地铁永泰庄站-永泰庄东里站-宝盛西里站-宝盛里小区站
专44,双泉堡东站-林萃路口西站-林萃路口北站-澳林春天小区站-倚林佳园东门站-京师园北门站-地铁林翠路站-南马房东路站-宝盛里小区站-观林园小区南门站-观林园小区北门站
